CC944118;African Ambar
CC829918;Almahue AQ
G2682844;Amber Sandalwood
G8378844;Amber Sandalwood C400
CC978418;Americanino II AQ270 2017
G1096619;Anacapri
AC372118;Apple Cinnamon
T1649318;Atton AQ550
G2630744;Baby Algodon Air
G2375644;Bali C400
CC873618;Bamboo AQ270
CC357818;Bananas Q
CC995818;Barfly
C1052518;Bauhaus Wood New AQ
CC683318;BB II
CC585218;Bergamont Orange Draco
G6420244;Bergamota Cashmeran
G6409044;Black Tea Fig
CC312218;Blossom II
G8495244;Blu Leggera
G3379744;Blue Cedar
G9501855;Blue Coast
P1270218;Blue Wood AQ270
C9450018;BMW AQ570
Z3082218;Bomb AQ270
G3369644;Bosque Ambar
CC346818;Boutique Noir
CC317318;Café Biscotti
CC729318;Café de Grano
CC471318;California Hollister Q
C7497318;Capuccino Vainilla AQ570
CC364018;Caribbean
CC207118;Cassis Royale
CC809818;Cedro Bergamota
AC481818;Cedro Plus
Z4797318;CHAMPAGNE TOAST AIR
CC319118;Chocolate
G7567744;Chocolate Brownie & Mani
CC376918;Chocolate Hazelnut
G7860344;chocolate y galleta II AQ270
CC733018;Christmas Tree
CC701118;Cinnamon Buns Plus
C4896618;Cinnamon Gingerbread AQ270
G0147844;Cipres Francés C400
G5412544;Citricos & Albahaca
G2952744;Citronella Pomelo
Z1768718;Citrus Blossom AQ270
CC397218;Citrus High AQ
G7833444;Citrus High AQ UTK
C1077818;Citrus Wood
G1500044;CK FOR HER Plus AQ550
CC871618;Coco Lima AQ270
CC409518;Coco Plus
CC392918;Coconut Mango
G5028818;Coconut Mist
Z3984418;Collette
CC486018;Cologne
G9346644;constant Wood
CC427618;Cotton Candy
CC157718;Cucumber Mint
C5448718;Dream AQ270
T8211018;Ds AQ550
AC634718;Dulce Nuez
AC447918;Egg Nog
G6941944;Energize Air CR
CC172118;Enhanced Apple
CC962318;Entre Lagos AQ270 2017
Z6183718;Eucaliptus AQ570
G7587044;Extreme Air
CC105818;FIG ( grueso )
G5106744;Fig C400 Light
CC118118;Frangipani
CC394118;Fresh Clean Aq
CC174118;Fresh Cotton II
C5718518;Fresh Linen AQ550 2017
AC423918;Frutos Del Bosque
G7594944;Fuego
CC877118;Fusion Pomegranate AQ270
CC487918;Ghio
CC754018;Granola Berry
CC698818;Green Escape
G6972644;Green Tea and Eucaliptus
CC582018;Green Tea Draco
CC398018;Green Tea Grueso
CC177818;Green Tea Lemon
G5978844;Green Vitality Utk Air
AC648218;Grilled Beef
CC273118;Guavacucumber
C4688418;Happy Elixir AQ270 2017
CC174318;Happy Time II
G7674544;Higo y cedro
CC283418;Holiday
CC408818;Honey Suckley Jazmin Aq
CC977618;HOTEL W AQ550 2017
G1219144;Hudson Dreams
AC438218;Ice Ginger Bread Ii
G7799144;Ipanema C400
R8166018;Ipanema II
CC384718;Island Colada Q
CC473018;Jake Hollister Q
CC885218;Juice Peach AQ 270
R8550318;Juicy Nectarine II
CC879618;Karen Millen II AQ270
CC966418;Lavander AQ270 2017
G2131744;Law
G0931944;Le Meridien AQ550
CC434518;Leather Lux AQ
G2972955;Leather y Shadow
CC405218;Lemon Basil
P3992418;Lemon Magnolia
Y1406118;Lemoncello Y Pomelo Aq550
CC431018;Lemongrass Ginger AQ
G9488344;Lemonroom
CC185518;Limon Verbena
G9019344;Limon Verbena Ultra Mask
CC422118;Linen Breeze
CC167418;Lottus Flower
CC971318;Luisa Aq 550 20217
G3603344;Madera Calidas
CC419218;Magic Garden AQ
CC339518;Mandarin Zeste
CC701318;Mango Plus
CC800318;Manzana Canela AQ
AC560318;Manzana Deliciosa AQ
C5630918;Maria Cher
CC877218;Marine Fresh AQ270
CC619618;Marine Sawgrass
C8561918;Marsala AQ550
AC633018;Marvellous Forest
CC714318;Mediterranean Journey
CC561618;Melon
CC382818;Melon Uva Q
CC574418;Men Q
AC677918;Menta Chocolate AQ270
CC787618;Meridiano
CC468518;Milk Chocolate Q
CC763418;Mint Energy
AC499218;Monoi
AC608518;Moulie II
G1246044;Negroni AQ550
G9230944;Negroni C400
CC848218;New Leather
C1143518;Ocean Drift Wood
G2452544;Ocean Drift Wood C400
CC473618;Oleander Sage Q
AC480318;Opaline
CC566218;Optimist
I6616718;Orange Verte
C5523218;Orchidee Blance AQ270
C7076418;Orient Express AQ270 2017
CC623518;Oudh Aura
CC716618;Patchouli
CC409918;Patisserie
G5615644;Paul 6 II C400
G6264418;Paul Care
CC433818;Peace Of Mind AQ
CC973418;Peach Mango AQ550 2017
CC174818;Peppermint Latte
R8285918;Perfect Day II AQ
C0875918;Pink Dragonfruit AQ 270
;Pink Grapefruit
AC480618;Piña Colada
C3624718;Pizza
G5819944;Platinus C400
G7159419;Porsche Sproty Cuir
CC878718;Pure Sunshine AQ270
CC483218;Rainshower Q
CC786618;Renaissance II
CC757618;Riccone 2
G9541355;Rosa Nera
CC295218;Ruby Grande Q
I4416818;Sagay
G6686644;Sandalwood Cedar C400
G3016944;Sandalwood Gold
G0759144;Sandia
Z5924418;Santal Bejara AQ570
G6475644;Santal Breeze
CC917818;Scalpers
CC997318;Sensie AQ550 2017
CC427318;Sensual Wood AQ
CC297218;So Pink Q
R5864218;Soft Veil Q Lc
G8987244;Softys Clarity
G8088955;South in Blue
G1067044;South Wetlands
G2541644;South Woods
CC349118;Spa Cuatro Q
G1541944;Sparkling Citrus
CC905618;Sparkling Lime AQ270
AC650018;Street AQ550 II
V5429518;Suden Encantado
C3130118;Summer Blossom AQ270 2017
CC428718;Sweet Cinnamon
C9751218;Tahiti AQ550 2017
C2002118;Teakwood AQ550 2017
G4179644;Terra
CC461518;The Vert Q
CC675518;Timber Saldalwood
G0797144;Tiramisu AQ 550
CC750218;Touche
C0623118;Tramontina
CC331218;Tropical Coco
AC424618;Tutti-Frutti Sr
W2498918;Uva AQ 370 III
CC382918;Uva Fuerte Q
CC876918;Vainilla Delicious Aq270 2017
T1316818;Vainilla Mint
CC856518;Verbena
CC501918;Verbena & Mandarina
G2241044;Verbena & Mandarina II
CC747418;Verbena Provence 2
CC499718;Verbena Tea
I3874618;Verveinie
G5745144;Volvo
CC896318;Waffle Cone AQ
G7377044;waves &wind utk
Z9009418;WAY HOUSE II AQ550
CC794718;Whiskey Tobacco
CC351518;White Citrus
Z9548018;White Romance AQ270
CC881018;White Tea And Fig AQ270
CC475018;White Tea Fusion Q
V8180418;White tea y bergamont
CC385518;White Woods
CC815718;Wild Blackberry
CC584318;Wild Fig and Cassis
G0468544;Wild Madagastar Vainilla C400
CC873518;Woodlands AQ270 2017
